Complains,count,sum,mean
0,2909,295,10.140941904434515
1,241,200,82.98755186721992
