Model,Accuracy,Precision,Recall,F1-score,ROC-AUC
Random Forest,0.9536507936507936,0.8852657471993363,0.81010101010101,0.8456681387154628,0.9849664250794194
Gradient Boosting,0.9438095238095239,0.8630859485941962,0.7636363636363637,0.8098600954926116,0.9772755806654111
Decision Tree,0.8774603174603175,0.5703581157406684,0.898989898989899,0.6977953623740951,0.9393520896345755
Logistic Regression,0.8463492063492064,0.5070019283482873,0.884848484848485,0.6444485042553604,0.9335730183187809
