Band,Range,count,mean
Q1,"(-0.001, 21.0]",632,36.86708860759494
Q2,"(21.0, 43.0]",647,18.547140649149924
Q3,"(43.0, 69.0]",617,16.85575364667747
Q4,"(69.0, 109.0]",629,6.041335453100159
Q5,"(109.0, 255.0]",625,0.0
