Band,Range,count,mean
Q1,"(-0.001, 1129.0]",630,38.41269841269842
Q2,"(1129.0, 2388.0]",630,20.317460317460316
Q3,"(2388.0, 3980.8]",630,13.65079365079365
Q4,"(3980.8, 7023.0]",634,6.151419558359621
Q5,"(7023.0, 17090.0]",626,0.0
