Status,count,sum,mean
1,2368,125,5.278716216216217
2,782,370,47.31457800511509
